amount,Авторы,МПК,Название,Направление,Номер патента,Приоритет,Публикация,Ссылка на документ,Ссылка на патент,№
4,"Белокопытова К.В., Агапов А.В., Мицын Г.В., Белов О.В.",B01L,УСТРОЙСТВО ДЛЯ ОХЛАЖДЕНИЯ БИОЛОГИЧЕСКИХ ОБРАЗЦОВ,Оборудование общего назначения для химических или физических лабораторий,2847136(RU),08.11.2024,26.09.2025 БИПМ №27,https://www.fips.ru/ofpstorage/Doc/IZPM/RUNWC1/000/000/002/847/068/ИЗ-02847068-00001/document.pdf,https://new.fips.ru/registers-doc-view/fips_servlet?DB=RUPAT&DocNumber=2847136&TypeFile=html,1.
5,"Апель П.Ю., Дмитриев Н.С., Нечаев А.Н., Полежаева О.А., Иванов О.М.",B01D,СПОСОБ ИЗГОТОВЛЕНИЯ АНИЗОТРОПНОЙ ПОРИСТОЙ ПЛЕНКИ ИЗ ДИЭЛЕКТРИЧЕСКОГО МАТЕРИАЛА И АНИЗОТРОПНАЯ ПЛЕНКА ИЗ ДИЭЛЕКТРИЧЕСКОГО МАТЕРИАЛА,Разделение,2847068(RU),08.10.2024,24.09.2025 БИПМ №27,https://new.fips.ru/ofpstorage/Doc/IZPM/RUNWC1/000/000/002/847/068/ИЗ-02847068-00001/document.pdf,https://new.fips.ru/registers-doc-view/fips_servlet?DB=RUPAT&DocNumber=2847068&TypeFile=html,2.
2,"Иваненко И.А., Гульбекян Г.Г.",B01J,СПОСОБ ВЫВОДА УСКОРЕННОГО ПУЧКА ПОЛОЖИТЕЛЬНО ЗАРЯЖЕННЫХ ЧАСТИЦ ИЗ ЦИКЛОТРОНА,"Химические или физические процессы, например катализ, коллоидная химия; аппараты для их проведения",2842003(RU),18.07.2024,18.06.2025 БИПМ №17,https://new.fips.ru/ofpstorage/Doc/IZPM/RUNWC1/000/000/002/842/003/%D0%98%D0%97-02842003-00001/document.pdf,https://new.fips.ru/registers-doc-view/fips_servlet?DB=RUPAT&DocNumber=2843003&TypeFile=html,3.
5,"Кравченко Е.В., Зарубин М.П., Апель П.Ю., Нечаев А.Н., Андреев Е.В.",B01D,ФИЛЬТРУЮЩИЙ ПОРИСТЫЙ МАТЕРИАЛ ДЛЯ СЕЛЕКТИВНОГО ВЫДЕЛЕНИЯ И КОНЦЕНТРИРОВАНИЯ ВНЕКЛЕТОЧНЫХ&NBSP;НУКЛЕИНОВЫХ КИСЛОТ ИЗ РАСТВОРОВ,Разделение,2838994(RU),03.05.2024,24.04.2025 БИПМ №12,https://new.fips.ru/ofpstorage/Doc/IZPM/RUNWC1/000/000/002/838/994/%D0%98%D0%97-02838994-00001/document.pdf,https://new.fips.ru/registers-doc-view/fips_servlet?DB=RUPAT&DocNumber=2838994&TypeFile=html,4.
3,"Никитенко Ю.В., Колупаев Е.Д., Журавлев В.В.",G21K,СПОСОБ ИМПУЛЬСНОГО НАПУСКА И ЗАПИРАНИЯ НЕЙТРОНОВ В КОЛЬЦЕВОМ НАКОПИТЕЛЕ НЕЙТРОНОВ,"Способы и устройства для управления потоками частиц или электромагнитным излучением, не вошедшие в другие подклассы; рентгеновские и гамма-микроскопы",2834762(RU),02.05.2024,14.02.2025 БИПМ №5,https://new.fips.ru/ofpstorage/Doc/IZPM/RUNWC1/000/000/002/834/762/%D0%98%D0%97-02834762-00001/document.pdf,https://new.fips.ru/registers-doc-view/fips_servlet?DB=RUPAT&DocNumber=2834762&TypeFile=html,5.
3,"Шемчук А.В., Ильин М.В., Новиков М.С.",H01B,СПОСОБ ИЗГОТОВЛЕНИЯ СОЕДИНЕНИЯ ВЫСОКОТЕМПЕРАТУРНЫХ СВЕРХПРОВОДЯЩИХ КАБЕЛЕЙ,"Кабели; проводники; изоляторы; выбор материалов для получения требуемых характеристик электрической проводимости, изоляции и диэлектрической постоянной",2832195(RU),31.01.2024,23.12.2024 БИПМ №36,https://new.fips.ru/ofpstorage/Doc/IZPM/RUNWC1/000/000/002/832/195/%D0%98%D0%97-02832195-00001/document.pdf,https://new.fips.ru/registers-doc-view/fips_servlet?DB=RUPAT&DocNumber=2832195&TypeFile=html,6.
1,Доля С.Н.,G21K,СПОСОБ ОХЛАЖДЕНИЯ ПОТОКА НЕЙТРОНОВ И УСТРОЙСТВО ДЛЯ ЕГО РЕАЛИЗАЦИИ,"Способы и устройства для управления потоками частиц или электромагнитным излучением, не вошедшие в другие подклассы; рентгеновские и гамма-микроскопы",2828765(RU),02.10.2023,17.10.2024 БИМП №29,https://www.fips.ru/ofpstorage/Doc/IZPM/RUNWC1/000/000/002/828/765/%D0%98%D0%97-02828765-00001/document.pdf,https://new.fips.ru/registers-doc-view/fips_servlet?DB=RUPAT&DocNumber=2828765&TypeFile=html,7.
8,"Смолянский А.С., Белов О.В., Кирюхин Д.П., Кущ П.П., Рындя С.М., Полунин К.С., Кошкина О.А., Трахтенберг Л.И.",G02B,СПОСОБ ИЗГОТОВЛЕНИЯ СВЕТООТРАЖАТЕЛЯ,"Оптические элементы, системы и приборы",2820796(RU),29.01.2024,10.06.2024 БИМП №10,https://www.fips.ru/ofpstorage/Doc/IZPM/RUNWC1/000/000/002/820/796/%D0%98%D0%97-02820796-00001/document.pdf,https://new.fips.ru/registers-doc-view/fips_servlet?DB=RUPAT&DocNumber=2820796&TypeFile=html,8.
5,"Евсеев С.А., Емельянов А.Н., Камнев И.И., Розов С.В., Якушев Е.А.",G01T,КОМПАКТНЫЙ НИЗКОФОНОВЫЙ СЧЕТЧИК НЕЙТРОНОВ НА ОСНОВЕ ГЕЛИЯ-3,Измерение ядерных излучений и рентгеновских лучей,226117(RU)ПМ,13.02.2023,21.05.2024 БИМП №15,https://new.fips.ru/ofpstorage/Doc/IZPM/RUNWU1/000/000/000/226/117/%D0%9F%D0%9C-00226117-00001/document.pdf,https://new.fips.ru/registers-doc-view/fips_servlet?DB=RUPM&DocNumber=226117&TypeFile=html,9
3,"Колесников А.Г., Залиханов Б.Ж., Боднарчук В.И.",G01T,ПОЗИЦИОННО-ЧУВСТВИТЕЛЬНЫЙ ДЕТЕКТОР ТЕПЛОВЫХ И ХОЛОДНЫХ НЕЙТРОНОВ ОТ КОМПАКТНОГО ИССЛЕДУЕМОГО ОБРАЗЦА,Измерение ядерных излучений и рентгеновских лучей,2816244(RU),02.10.2023,13.02.2024 БИМП №5,https://new.fips.ru/ofpstorage/Doc/IZPM/RUNWC1/000/000/002/816/244/%D0%98%D0%97-02816244-00001/document.pdf,https://new.fips.ru/registers-doc-view/fips_servlet?DB=RUPAT&DocNumber=2816244&TypeFile=html,10.
5,"Елша В.В., Дементьев Д.В., Шереметьев А.Д., Воронин А.Л., Мурин А.Ю.",G01T,СПОСОБ СБОРКИ СУПЕРМОДУЛЕЙ ДЛЯ ДЕТЕКТИРОВАНИЯ ИОНИЗИРУЮЩЕГО ИЗЛУЧЕНИЯ,Измерение ядерных излучений и рентгеновских лучей,2816242(RU),10.01.2023,27.03.2024 БИМП №9,https://new.fips.ru/ofpstorage/Doc/IZPM/RUNWC1/000/000/002/816/242/%D0%98%D0%97-02816242-00001/document.pdf,https://new.fips.ru/registers-doc-view/fips_servlet?DB=RUPAT&DocNumber=2816242&TypeFile=html,11.
6,"Садыгов З.Я., Замятин Н.И., Акберов Р.А., Бокова Т.Ю., Ахмадов Ф.И., Садыгов А.З.",H01L,ПОЛУПРОВОДНИКОВЫЙ ЛАВИННЫЙ ДЕТЕКТОР,Полупроводниковые приборы; электрические приборы на твердом теле,2814514(RU),22.09.2023,29.02.2024 БИМП №7,https://new.fips.ru/ofpstorage/Doc/IZPM/RUNWC1/000/000/002/814/514/%D0%98%D0%97-02814514-00001/document.pdf,https://new.fips.ru/registers-doc-view/fips_servlet?DB=RUPAT&DocNumber=2814514&TypeFile=html,12.
10,"Петрова М.О., Богдзель А.А., Боднарчук В.И., Даулбаев О., Милков В.М., Курилкин А.К., Булатов К.В., Дмитриев А.В., Бабкин В.А., Румянцев М.М.",G01T,ПОЗИЦИОННО-ЧУВСТВИТЕЛЬНЫЙ ДЕТЕКТОР ТЕПЛОВЫХ И ХОЛОДНЫХ НЕЙТРОНОВ НА ОСНОВЕ ПЛОСКОПАРАЛЛЕЛЬНОЙ РЕЗИСТИВНОЙ КАМЕРЫ,Измерение ядерных излучений и рентгеновских лучей,2813557(RU),02.10.2023,13.02.2024 БИМП № 5,https://www.fips.ru/ofpstorage/Doc/IZPM/RUNWC1/000/000/002/813/557/%D0%98%D0%97-02813557-00001/document.pdf,https://new.fips.ru/registers-doc-view/fips_servlet?DB=RUPAT&DocNumber=2813557&TypeFile=html,13.
1,Ляблин М.В.,G01C,УСТРОЙСТВО ДЛЯ ИЗМЕРЕНИЯ УГЛА НАКЛОНА,"Измерение расстояний, уровней и азимутов для целей топографии или навигации; гироскопические приборы; фотограмметрия",2810721(RU),02.05.2023,28.12.2023 БИМП №1,https://www.fips.ru/ofpstorage/Doc/IZPM/RUNWC1/000/000/002/810/721/%D0%98%D0%97-02810721-00001/document.pdf,https://www.fips.ru/cdfi/fips.dll/ru?ty=29&docid=2810721,14
1,Ляблин М.В.,G01C,УСТРОЙСТВО ДЛЯ ИЗМЕРЕНИЯ УГЛА НАКЛОНА,"Измерение расстояний, уровней и азимутов для целей топографии или навигации; гироскопические приборы; фотограмметрия",2810718(RU),19.06.2023,28.12.2023 БИМП №1,https://www.fips.ru/ofpstorage/Doc/IZPM/RUNWC1/000/000/002/810/718/%D0%98%D0%97-02810718-00001/document.pdf,https://www.fips.ru/cdfi/fips.dll/ru?ty=29&docid=2810718,15.
6,"Лыгденова Т.З., Воронин А.Л., Жеребчевский В.И., Иголкин С.Н., Мурин Ю.А., Феофилов Г.А.",H05K,ТЕПЛОПРОВОДЯЩАЯ ПАНЕЛЬ ДЛЯ ЖИДКОСТНЫХ СИСТЕМ ОХЛАЖДЕНИЯ ДЕТЕКТОРНЫХ МОДУЛЕЙ И СПОСОБ ЕЕ ИЗГОТОВЛЕНИЯ,Печатные схемы; корпусы или конструктивные элементы электрических приборов; изготовление блоков элементов электрической аппаратуры,2806879(RU),30.06.2022,08.11.2023 БИПМ №31,https://www.fips.ru/ofpstorage/Doc/IZPM/RUNWC1/000/000/002/806/879/%D0%98%D0%97-02806879-00001/document.pdf,https://www.fips.ru/cdfi/fips.dll/ru?ty=29&docid=2806879,16.
2,"Никитенко Ю.В., Аксенов В.Л.",G21K,КОЛЬЦЕВОЙ НАКОПИТЕЛЬ НЕЙТРОНОВ,"Способы и устройства для управления потоками частиц или электромагнитным излучением, не вошедшие в другие подклассы; рентгеновские и гамма-микроскопы",2803544(RU),29.11.2022,17.07.2023 БИПМ №26,https://www.fips.ru/ofpstorage/Doc/IZPM/RUNWC1/000/000/002/803/544/%D0%98%D0%97-02803544-00001/document.pdf,https://www.fips.ru/cdfi/fips.dll/ru?ty=29&docid=2803544,17.
3,"Петрова М.О., Подлесный М.М., Милков В.М.",H04B,УСТРОЙСТВО МОНИТОРИНГА ПЕРЕИЗЛУЧАЮЩЕЙ СПОСОБНОСТИ СПЕКТРОСМЕЩАЮЩЕГО ОПТИЧЕСКОГО ВОЛОКНА,Передача сигналов,2800058(RU),27.01.2023,17.07.2023 БИПМ №20,https://www.fips.ru/ofpstorage/Doc/IZPM/RUNWC1/000/000/002/800/058/%D0%98%D0%97-02800058-00001/document.pdf,https://www.fips.ru/cdfi/fips.dll/ru?ty=29&docid=2800058,18.
3,"Немченок И.Б., Суслов И.А., Быстряков А.Д",G01T,ТЕЛЛУРСОДЕРЖАЩИЙ ЖИДКИЙ СЦИНТИЛЛЯТОР,Измерение ядерных излучений и рентгеновских лучей,2798227(RU),07.11.2022,19.06.2023 БИПМ №17,https://www.fips.ru/ofpstorage/Doc/IZPM/RUNWC1/000/000/002/798/227/%D0%98%D0%97-02798227-00001/document.pdf,https://www.fips.ru/cdfi/fips.dll/ru?ty=29&docid=2798227,19.
4,"Колесников А.Г., Залиханов Б.Ж., Боднарчук В.И., Крюков Ю А",G01T,ПОЗИЦИОННО-ЧУВСТВИТЕЛЬНЫЙ ГАЗОВЫЙ ДЕТЕКТОР ТЕПЛОВЫХ И ХОЛОДНЫХ НЕЙТРОНОВ,Измерение ядерных излучений и рентгеновских лучей,2797497(RU),15.11.2022,06.06.2023 БИПМ №16,https://www.fips.ru/ofpstorage/Doc/IZPM/RUNWC1/000/000/002/797/497/%D0%98%D0%97-02797497-00001/document.pdf,https://www.fips.ru/cdfi/fips.dll/ru?ty=29&docid=2797497,20.
6,"Галушко А.В., Булавин М.В., Ыскаков Алмас, Мухин К.А., Скуратов В.А., Смелянский И.А.",H05H,УСТРОЙСТВО ДЛЯ ДЕТЕКТИРОВАНИЯ ТВЕРДЫХ ФРАГМЕНТОВ СФЕРИЧЕСКОЙ ФОРМЫ ШАРИКОВОГО ХОЛОДНОГО ЗАМЕДЛИТЕЛЯ НЕЙТРОНОВ,Плазменная техника,2793964(RU),11.04.2022,11.04.2023 БИМП №11,https://www.fips.ru/ofpstorage/Doc/IZPM/RUNWC1/000/000/002/793/964/%D0%98%D0%97-02793964-00001/document.pdf,https://www.fips.ru/cdfi/fips.dll/ru?ty=29&docid=2793964,21.
1,Доля С.Н.,G21K,УСТРОЙСТВО ДЛЯ ПОЛУЧЕНИЯ УЛЬТРАХОЛОДНЫХ НЕЙТРОНОВ,"Способы и устройства для управления потоками частиц или электромагнитным излучением, не вошедшие в другие подклассы; рентгеновские и гамма-микроскопы",2792202(RU),12.07.2022,20.03.2023 БИМП №8,https://www.fips.ru/ofpstorage/Doc/IZPM/RUNWC1/000/000/002/792/202/%D0%98%D0%97-02792202-00001/document.pdf,https://www.fips.ru/cdfi/fips.dll/ru?ty=29&docid=2792202,22
2,"Доля С.Н., Никитенко Ю.В.",G21K,УСТРОЙСТВО ДЛЯ ПОЛУЧЕНИЯ ХОЛОДНЫХ И УЛЬТРОХОЛОДНЫХ НЕЙТРОНОВ,"Способы и устройства для управления потоками частиц или электромагнитным излучением, не вошедшие в другие подклассы; рентгеновские и гамма-микроскопы",2787744(RU),14.09.2021,12.01.2023 БИПМ №2,http://www1.fips.ru/ofpstorage/Doc/IZPM/RUNWC1/000/000/002/787/744/%D0%98%D0%97-02787744-00001/document.pdf,https://www.fips.ru/registers-doc-view/fips_servlet?DB=RUPAT&DocNumber=2787744&TypeFile=html,24
1,Доля С.Н.,G01N,СПОСОБ ЭКСПРЕСС- АНАЛИЗА ИНГИБИРОВАНИЯ ЖИВЫХ БЕЛКОВЫХ МОЛЕКУЛ,Исследование или анализ материалов путем определения их химических или физических свойств,2776326(RU),14.09.2021,18.07.2022 БИПМ №20,http://www1.fips.ru/ofpstorage/Doc/IZPM/RUNWC1/000/000/002/776/326/%D0%98%D0%97-02776326-00001/document.pdf,https://www.fips.ru/registers-doc-view/fips_servlet?DB=RUPAT&DocNumber=2776326&TypeFile=html,25
8,"Карамышев О.В., Карамышева Г.А., Ляпин И.Д., Малинин В.А., Попов Д.В., Трубников Г.В., Ширков Г.Д., Ширков С.Г.",H05H,КОМПАКТНЫЙ СВЕРХПРОВОДЯЩИЙ ЦИКЛОТРОН ДЛЯ ПРОТОННОЙ ТЕРАПИИ ПУЧКАМИ СО СВЕРХВЫСОКОЙ МОЩНОСТЬЮ ДОЗЫ (ФЛЕШ),Плазменная техника,2776157(RU),14.09.2022,14.07.2022 БИПМ №20,http://www1.fips.ru/ofpstorage/Doc/IZPM/RUNWC1/000/000/002/776/157/%D0%98%D0%97-02776157-00001/document.pdf,https://www.fips.ru/registers-doc-view/fips_servlet?DB=RUPAT&DocNumber=2776157&TypeFile=html,26.
4,"Афанасьев С.В., Голунов  А.О., Горбунов Н.В., Ершов Ю.В.",G01T,СПОСОБ ПОЗИЦИОНИРОВАНИЯ СЦИНТИЛЛЯЦИОННЫХ ЯЧЕЕК В СЕГМЕНТИРОВАННЫХ ДЕТЕКТОРАХ И УСТРОЙСТВО ДЛЯ ЕГО ОСУЩЕСТВЛЕНИЯ,Измерение ядерных излучений и рентгеновских лучей,2776102(RU),29.03.2021,13.07.2022 БИПМ №20,http://www1.fips.ru/ofpstorage/Doc/IZPM/RUNWC1/000/000/002/776/102/%D0%98%D0%97-02776102-00001/document.pdf,https://www.fips.ru/registers-doc-view/fips_servlet?DB=RUPAT&DocNumber=2776102&TypeFile=html,27
1,Никитенко Ю.В.,G21K,НАКОПИТЕЛЬ ХОЛОДНЫХ НЕЙТРОНОВ,"Способы и устройства для управления потоками частиц или электромагнитным излучением, не вошедшие в другие подклассы; рентгеновские и гамма-микроскопы",2772969(RU),28.06.2021,30.05.2022 БИПМ №16,https://www.fips.ru/ofpstorage/Doc/IZPM/RUNWC1/000/000/002/772/969/%D0%98%D0%97-02772969-00001/document.pdf,https://www.fips.ru/registers-doc-view/fips_servlet?DB=RUPAT&DocNumber=2772969&TypeFile=html,28.
2,"Доля С.Н., Смирнов В.И.",H02M,УСТРОЙСТВО ДЛЯ РЕЗОНАНСНОГО ЗАРЯДА КОНДЕНСАТОРА,"Устройства для преобразования переменного тока в переменный, переменного тока в постоянный и наоборот, постоянного тока в постоянный или предназначенные для использования в электросетях или аналогичных системах энергоснабжения; преобразование входной энер",2770864(RU),14.09.2021,22.04.2022 БИМП №12,https://www.fips.ru/ofpstorage/Doc/IZPM/RUNWC1/000/000/002/770/864/%D0%98%D0%97-02770864-00001/document.pdf,https://www.fips.ru/registers-doc-view/fips_servlet?DB=RUPAT&DocNumber=2770864&TypeFile=html,29.
2,"Доля С.Н., Смирнов В.И.",H05H,"СПОСОБ ИЗМЕНЕНИЯ КОНЕЧНОЙ ЭНЕРГИИ ПРОТОННОГО ПУЧКА, ИСПОЛЬЗУЕМОГО ДЛЯ ФЛЗШ-ТЕРАПИИ",Плазменная техника,2765830(RU),26.04.2021,03.02.2022 БИМП №12,https://www.fips.ru/ofpstorage/Doc/IZPM/RUNWC1/000/000/002/770/864/%D0%98%D0%97-02770864-00001/document.pdf,https://www.fips.ru/registers-doc-view/fips_servlet?DB=RUPAT&DocNumber=2765830&TypeFile=html,30.
2,"Тимошенко Г.Н., Гордеев И.С.",G21K,УСТРОЙСТВО МОДЕЛИРОВАНИЯ НА ПУЧКАХ ТЯЖЕЛЫХ ИОНОВ ВЫСОКОЙ ЭНЕРГИИ ПОЛЕЙ СМЕШАННОГО ИЗЛУЧЕНИЯ ДЛЯ ЦЕЛЕЙ ЭКСПЕРИМЕНТАЛЬНОЙ РАДИОЛОГИИ,"Способы и устройства для управления потоками частиц или электромагнитным излучением, не вошедшие в другие подклассы; рентгеновские и гамма-микроскопы",2761376(RU),05.03.2021,07.12.2021 БИПМ №34,http://www1.fips.ru/ofpstorage/Doc/IZPM/RUNWC1/000/000/002/761/376/%D0%98%D0%97-02761376-00001/document.pdf,https://www.fips.ru/registers-doc-view/fips_servlet?DB=RUPAT&DocNumber=2761376&TypeFile=html,31.
1,Никитенко Ю.В.,G01N,СПОСОБ ИЗМЕРЕНИЯ ВЕРОЯТНОСТИ ПОГЛОЩЕНИЯ НЕЙТРОНОВ ПРИ ИХ ПОДБАРЬЕРНОМ ОТРАЖЕНИИ ОТ ПОВЕРХНОСТИ И СТРУКТУРА ДЛЯ ЕГО ОСУЩЕСТВЛЕНИЯ,Исследование или анализ материалов путем определения их химических или физических свойств,2761053(RU),11.03.2021,02.12.2021 БИПМ №34,http://www1.fips.ru/ofpstorage/Doc/IZPM/RUNWC1/000/000/002/761/053/%D0%98%D0%97-02761053-00001/document.pdf,https://www.fips.ru/registers-doc-view/fips_servlet?DB=RUPAT&DocNumber=2761053&TypeFile=html,32
2,"Доля С.Н., Смирнов В.И.",H03K,УСТРОЙСТВО ДЛЯ ФОРМИРОВАНИЯ ПИЛООБРАЗНОГО НАПРЯЖЕНИЯ НА КОНДЕНСАТОРЕ,Импульсная техника,2760979(RU),26.04.2021,02.12.2021 БИПМ №34,http://www1.fips.ru/ofpstorage/Doc/IZPM/RUNWC1/000/000/002/760/979/%D0%98%D0%97-02760979-00001/document.pdf,https://www.fips.ru/registers-doc-view/fips_servlet?DB=RUPAT&DocNumber=2760979&TypeFile=html,33.
3,"Новиков М.С., Ходжибагиян Г.Г., Заславский М.Е.",H01F,КАРКАС ДЛЯ СВЕРХПРОВОДЯЩЕГО СОЛЕНОИДА,"Магниты; индуктивности; трансформаторы; выбор материалов, обеспечивающих магнитные свойства",2758712(RU),08.02.2021,01.11.2021 БИПМ №31,http://www1.fips.ru/ofpstorage/Doc/IZPM/RUNWC1/000/000/002/758/712/%D0%98%D0%97-02758712-00001/document.pdf,https://www.fips.ru/registers-doc-view/fips_servlet?DB=RUPAT&DocNumber=2758712&TypeFile=html,34.
4,"Шелков Г.А., Расторгуев Д.Д., Рожков В.А., Черепанова Е.А.",G01T,СПОСОБ ИЗМЕРЕНИЯ ИНТЕНСИВНОСТИ РАДИАЦИОННОГО ИЗЛУЧЕНИЯ НЕИЗВЕСТНОГО СОСТАВА,Измерение ядерных излучений и рентгеновских лучей,2751458(RU),06.11.2020,14.07.2021 БИПМ №20,http://www1.fips.ru/ofpstorage/Doc/IZPM/RUNWC1/000/000/002/751/458/%D0%98%D0%97-02751458-00001/document.pdf,https://www.fips.ru/registers-doc-view/fips_servlet?DB=RUPAT&DocNumber=2751458&TypeFile=html,35.
11,"Афанасьев С.В., Бояринцев А.Ю., Голунов А.О., Голутвин И.А., Горбунов Н.В., Гринев Б.В., Ершов Ю.В., Малахов А.И., Смирнов В.А., Сухов Е.В., Устинов В.В.",G01T,СЦИНТИЛЛЯЦИОННЫЙ ДЕТЕКТОР,Измерение ядерных излучений и рентгеновских лучей,2748153(RU),20.07.2020,19.05.2021 БИПМ №14,http://www1.fips.ru/ofpstorage/Doc/IZPM/RUNWC1/000/000/002/748/153/%D0%98%D0%97-02748153-00001/document.pdf,https://www.fips.ru/registers-doc-view/fips_servlet?DB=RUPAT&DocNumber=2748153&TypeFile=html,36.
2,"Будагов Ю.А., Ляблин М.В.",G01C,ЛАЗЕРНЫЙ ИНКЛИНОМЕТР,"Измерение расстояний, уровней и азимутов для целей топографии или навигации; гироскопические приборы; фотограмметрия",2747047(RU),19.08.2020,23.04.2021 БИПМ №12,http://www1.fips.ru/ofpstorage/Doc/IZPM/RUNWC1/000/000/002/747/047/%D0%98%D0%97-02747047-00001/document.pdf,https://www.fips.ru/registers-doc-view/fips_servlet?DB=RUPAT&DocNumber=2747047&TypeFile=html,37.
2,"Садилов В.В., Боднарчук В.И.",G21K,МЕХАНИЧЕСКИЙ ФИЛЬТР НЕЙТРОННОГО ПУЧКА С ВРЕМЕННОЙ ФОКУСИРОВКОЙ,"Способы и устройства для управления потоками частиц или электромагнитным излучением, не вошедшие в другие подклассы; рентгеновские и гамма-микроскопы",2745587(RU),20.07.2020,29.03.2021 БИПМ №10,http://www1.fips.ru/ofpstorage/Doc/IZPM/RUNWC1/000/000/002/745/587/%D0%98%D0%97-02745587-00001/document.pdf,https://www.fips.ru/registers-doc-view/fips_servlet?DB=RUPAT&DocNumber=2745587&TypeFile=html,38.
3,"Шаляпин В.Н., Тютюнников С.И., Артюх В.А.",G01N,СПОСОБ АНАЛИЗА АТОМНОГО СОСТАВА ДИСПЕРСНЫХ ПОРОШКОВЫХ МАТЕРИАЛОВ,Исследование или анализ материалов путем определения их химических или физических свойств,2745384(RU),20.07.2020,24.03.2021 БИПМ №9,http://www1.fips.ru/ofpstorage/Doc/IZPM/RUNWC1/000/000/002/745/384/%D0%98%D0%97-02745384-00001/document.pdf,https://www.fips.ru/registers-doc-view/fips_servlet?DB=RUPAT&DocNumber=2745384&TypeFile=html,39.
2,"Кравченко Е.В., Иванова А.Е.",C12Q,СПОСОБ ОПРЕДЕЛЕНИЯ НАЛИЧИЯ ГЕНЕТИЧЕСКОЙ ПРЕДРАСПОЛОЖЕННОСТИ К ДОЛГОЛЕТИЮ ЧЕЛОВЕКА,"Способы измерения или испытания, использующие ферменты или микроорганизмы",2741838(RU),19.08.2020,29.01.2021 БИПМ №4,http://www1.fips.ru/ofpstorage/Doc/IZPM/RUNWC1/000/000/002/741/838/%D0%98%D0%97-02741838-00001/document.pdf,https://www.fips.ru/registers-doc-view/fips_servlet?DB=RUPAT&DocNumber=2741838&TypeFile=html,40.
2,"Будагов Ю.А., Ляблин М.В.",G01C,ЛАЗЕРНЫЙ ИНКЛИНОМЕТР ДЛЯ ДЛИТЕЛЬНОЙ РЕГИСТРАЦИИ УГЛОВЫХ НАКЛОНОВ ЗЕМНОЙ ПОВЕРХНОСТИ,"Измерение расстояний, уровней и азимутов для целей топографии или навигации; гироскопические приборы; фотограмметрия",2740489(RU),29.06.2020,14.01.2021 БИПМ №2,http://www1.fips.ru/ofpstorage/Doc/IZPM/RUNWC1/000/000/002/740/489/%D0%98%D0%97-02740489-00001/document.pdf,https://www.fips.ru/registers-doc-view/fips_servlet?DB=RUPAT&DocNumber=2740489&TypeFile=html,41.
2,"Доля С.Н., Смирнов В.И.",H02M,УСТРОЙСТВО ДЛЯ РЕЗОНАНСНОГО ЗАРЯДА КОНДЕНСАТОРА,"Устройства для преобразования переменного тока в переменный, переменного тока в постоянный и наоборот, постоянного тока в постоянный или предназначенные для использования в электросетях или аналогичных системах энергоснабжения; преобразование входной энер",2734903(RU),24.03.2020,26.10.2020 БИПМ №30,http://www1.fips.ru/ofpstorage/Doc/IZPM/RUNWC1/000/000/002/734/903/%D0%98%D0%97-02734903-00001/document.pdf,https://www.fips.ru/registers-doc-view/fips_servlet?DB=RUPAT&DocNumber=2734903&TypeFile=html,42.
2,"Будагов Ю.А., Ляблин М.В.",G01C,УСТРОЙСТВО ДЛЯ ИЗМЕРЕНИЯ УГЛОВ НАКЛОНА ПОВЕРХНОСТИ,"Измерение расстояний, уровней и азимутов для целей топографии или навигации; гироскопические приборы; фотограмметрия",2734451(RU),11.02.2020,16.10.2020 БИПМ №29,http://www1.fips.ru/ofpstorage/Doc/IZPM/RUNWC1/000/000/002/734/451/%D0%98%D0%97-02734451-00001/document.pdf,https://www.fips.ru/registers-doc-view/fips_servlet?DB=RUPAT&DocNumber=2734451&TypeFile=html,43
3,"Кожевников Д.А., Шелков Г.А., Смолянский П.И.",G01T,ГИБРИДНЫЙ ПИКСЕЛЬНЫЙ ДЕТЕКТОР ИОНИЗИРУЮЩИХ ИЗЛУЧЕНИЙ,Измерение ядерных излучений и рентгеновских лучей,2730045(RU),11.09.2018,14.08.2020 БИПМ №23,http://www1.fips.ru/ofpstorage/Doc/IZPM/RUNWC1/000/000/002/730/045/%D0%98%D0%97-02730045-00001/document.pdf,https://www.fips.ru/registers-doc-view/fips_servlet?DB=RUPAT&DocNumber=2730045&TypeFile=html,44.
8,"Дорошкевич А.С., Шило А.В., Зеленяк Т.Ю., Константинова Т.Е., Любчик А.И., Татаринова А.А., Гридина Е.А., Дорошкевич Н.В.",H01G,"ТВЕРДОТЕЛЬНЫЙ КОНДЕНСАТОР-ИОНИСТОР С ДИЭЛЕКТРИЧЕСКИМ СЛОЕМ, ВЫПОЛНЕННИМ ИЗ НАНОПОРОШКА ДИЭЛЕКТРИКА","Конденсаторы; конденсаторы, выпрямители тока, детекторы, переключатели, светочувствительные или термочувствительные устройства электролитического типа",2729880(RU),05.11.2019,13.08.2020 БИПМ №23,http://www1.fips.ru/ofpstorage/Doc/IZPM/RUNWC1/000/000/002/729/880/%D0%98%D0%97-02729880-00001/document.pdf,https://www.fips.ru/registers-doc-view/fips_servlet?DB=RUPAT&DocNumber=2729880&TypeFile=html,45
3,"Иванова А.Е., Русакович А.Н., Кравченко Е.В.",G01N,"СПОСОБ ПРОГНОЗИРОВАНИЯ РИСКА РАЗВИТИЯ ЗАБОЛЕВАНИЙ, СВЯЗАННЫХ С УРОВНЕМ ИММУНОГЛОБУЛИНА E(IgE) В СЫВОРОТКЕ КРОВИ ЧЕЛОВЕКА",Исследование или анализ материалов путем определения их химических или физических свойств,2723390(RU),04.07.2019,11.06.2020 БИПМ №17,http://www1.fips.ru/ofpstorage/Doc/IZPM/RUNWC1/000/000/002/723/390/%D0%98%D0%97-02723390-00001/document.pdf,https://www.fips.ru/registers-doc-view/fips_servlet?DB=RUPAT&DocNumber=2723390&TypeFile=html,46
3,"Богдзель А.А., Милков В.М., Пантелеев Ц.Ц.",G01T,ГАЗОНАПОЛНЕННЫЙ ДЕТЕКТОР ДЛЯ ИЗМЕРЕНИЯ МАЛОУГЛОВОГО РАССЕЯНИЯТЕПЛОВЫХ НЕЙТРОНОВ,Измерение ядерных излучений и рентгеновских лучей,2715898(RU),12.03.2018,04.03.2020 БИПМ №7,http://www1.fips.ru/ofpstorage/Doc/IZPM/RUNWC1/000/000/002/715/898/%D0%98%D0%97-02715898-00001/document.pdf,https://www.fips.ru/registers-doc-view/fips_servlet?DB=RUPAT&DocNumber=2715898&TypeFile=html,47.
1,Долбилов Г.В.,H05H,СПОСОБ ФОРМИРОВАНИЯ РАВНОВЕСНЫХ ТРАЕКТОРИЙ ЧАСТИЦ В ЦИКЛИЧЕСКОМ УСКОРИТЕЛЕ С ПОСТОЯННЫМ РАДИУСОМ ОРБИТЫ,Плазменная техника,2714507(RU),04.02.2019,18.02.2020 БИПМ №5,http://www1.fips.ru/ofpstorage/Doc/IZPM/RUNWC1/000/000/002/714/507/%D0%98%D0%97-02714507-00001/document.pdf,https://www.fips.ru/registers-doc-view/fips_servlet?DB=RUPAT&DocNumber=2714507&TypeFile=html,48.
1,Долбилов Г.В.,H05H,МАГНИТНАЯ СИСТЕМА ИНДУКЦИОННОГО СИНХРОТРОНА С ПОСТОЯННЫМ ВО ВРЕМЕНИ МАГНИТНЫМ ПОЛЕМ,Плазменная техника,2714505(RU),11.03.2019,18.02.2020 БИПМ №5,http://www1.fips.ru/ofpstorage/Doc/IZPM/RUNWC1/000/000/002/714/505/%D0%98%D0%97-02714505-00001/document.pdf,https://www.fips.ru/registers-doc-view/fips_servlet?DB=RUPAT&DocNumber=2714505&TypeFile=html,49.
8,"Бунятов К.С., Ширков Г.Д., Ширков С.Г., Карамышева Г.А., Карамышев О.В., Малинин В.А., Гурский С.В., Попов Д.В.",H05H,СВЕРХПРОВОДЯЩИЙ КОМПАКТНЫЙ ИЗОХРОННЫЙ ЦИКЛОТРОН,Плазменная техника,2702140(RU),23.01.2019,04.10.2019 БИПМ №28,http://www1.fips.ru/ofpstorage/Doc/IZPM/RUNWC1/000/000/002/702/140/%D0%98%D0%97-02702140-00001/document.pdf,https://www.fips.ru/registers-doc-view/fips_servlet?DB=RUPAT&DocNumber=2702140&TypeFile=html,50.
6,"Красавин Е.А., Борейко А.В., Куликова Е.А., Буланова Т.С., Тимошенко Г.Н., Чаусов В.Н.",A61K,СПОСОБ ПОВЫШЕНИЯ ЧАСТОТЫ ОБРАЗОВАНИЯ ДВУНИТЕВЫХ РАЗРЫВОВ ДНК В КЛЕТКАХ ЧЕЛОВЕКА ПРИ ДЕЙСТВИИ ИОНИЗИРУЮЩИХ ИЗЛУЧЕНИЙ В УСЛОВИЯХ ВЛИЯНИЯ РАДИОМОДИФИКАТОРОВ,"Лекарства и медикаменты для терапевтических, стоматологических или гигиенических целей",2699670(RU),16.11.2018,09.09.2019 БИПМ №25,http://www1.fips.ru/ofpstorage/Doc/IZPM/RUNWC1/000/000/002/699/670/%D0%98%D0%97-02699670-00001/document.pdf,https://www.fips.ru/registers-doc-view/fips_servlet?DB=RUPAT&DocNumber=2699670&TypeFile=html,51
1,Доманов В.П.,G21G,СПОСОБ МОДЕЛИРОВАНИЯ ХИМИЧЕСКОГО ПОВЕДЕНИЯ АТОМОВ СВЕРХТЯЖЕЛЫХ ЭЛЕМЕНТОВ,Преобразование химических элементов; источники радиоактивности,2698468(RU),18.06.2018,27.08.2019 БИПМ №24,https://www1.fips.ru/ofpstorage/Doc/IZPM/RUNWC1/000/000/002/698/468/%D0%98%D0%97-02698468-00001/document.pdf,https://www.fips.ru/registers-doc-view/fips_servlet?DB=RUPAT&DocNumber=2698468&TypeFile=html,52.
3,"Волков А.Д., Кравченко М.Д., Павлов А.В.",G01B,УСТРОЙСТВО ДЛЯ ИССЛЕДОВАНИЯ СТРОУ ТРУБКИ КООРДИНАТНОГО ДЕТЕКТОРА ЧАСТИЦ,"Измерение длины, толщины или подобных линейных размеров; измерение углов; измерение площадей; измерение неровностей поверхностей или контуров",2691770(RU),25.09.2018,18.06.2019 БИПМ №17,http://www1.fips.ru/ofpstorage/Doc/IZPM/RUNWC1/000/000/002/691/770/%D0%98%D0%97-02691770-00001/document.pdf,https://www.fips.ru/registers-doc-view/fips_servlet?DB=RUPAT&DocNumber=2691770&TypeFile=html,53.
1,Бородин А.Н.,G02B,УСТРОЙСТВО ДЛЯ НАБЛЮДЕНИЯ СОЛНЕЧНОЙ КОРОНЫ,"Оптические элементы, системы и приборы",2685557(RU),22.05.2018,22.04.2019 БИПМ №12,http://www1.fips.ru/ofpstorage/Doc/IZPM/RUNWC1/000/000/002/685/557/%D0%98%D0%97-02685557-00001/document.pdf,https://www.fips.ru/registers-doc-view/fips_servlet?DB=RUPAT&DocNumber=2685557&TypeFile=html,54.
2,"Тютюнников С.И., Шаляпин В.Н.",G01N,СПОСОБ АНАЛИЗА АТОМНОГО СОСТАВА ОРГАНИЧЕСКИХ ВЕЩЕСТВ И УСТРОЙСТВО ДЛЯ ЕГО ОСУЩЕСТВЛЕНИЯ,Исследование или анализ материалов путем определения их химических или физических свойств,2677501(RU),22.12.2017,17.01.2019 БИПМ №2,http://www1.fips.ru/ofpstorage/Doc/IZPM/RUNWC1/000/000/002/677/501/%D0%98%D0%97-02677501-00001/document.pdf,https://www.fips.ru/registers-doc-view/fips_servlet?DB=RUPAT&DocNumber=2677501&TypeFile=html,55.
1,Долбилов Г.В.,H01J,УСТРОЙСТВО ДЛЯ ВЫВОДА ЗАРЯЖЕННЫХ ЧАСТИЦ ИЗ ЦИКЛИЧЕСКОГО УСКОРИТЕЛЯ,Электрические газоразрядные и вакуумные электронные приборы и газоразрядные осветительные лампы,2676757(RU),12.03.2018,11.01.2019 БИПМ №2,http://www1.fips.ru/ofpstorage/Doc/IZPM/RUNWC1/000/000/002/676/757/%D0%98%D0%97-02676757-00001/document.pdf,https://www.fips.ru/registers-doc-view/fips_servlet?DB=RUPAT&DocNumber=2676757&TypeFile=html,56.
7,"Шелков Г.А., Кожевников Д.А., Смолянский П.И., Котов С.А., Кручонок В.Г., Жемчугов А.С., Лейва Фабело Антонио",H01L,ПЛАНАРНЫЙ ПОЛУПРОВОДНИКОВЫЙ ДЕТЕКТОР,Полупроводниковые приборы; электрические приборы на твердом теле,2672039(RU),27.12.2017,08.11.2018 БИПМ №31,http://www1.fips.ru/ofpstorage/Doc/IZPM/RUNWC1/000/000/002/672/039/%D0%98%D0%97-02672039-00001/document.pdf,https://www.fips.ru/registers-doc-view/fips_servlet?DB=RUPAT&DocNumber=2672039&TypeFile=html,57.
2,"Никитенко Ю.В., Жакетов В.Д.",G01N,СПОСОБ ОПРЕДЕЛЕНИЯ ПРОСТРАНСТВЕННЫХ ПРОФИЛЕЙ ЯДЕРНОГО И МАГНИТНОГО ПОТЕНЦИАЛОВ ВЗАИМОДЕЙСТВИЯ ПОЛЯРИЗОВАННЫХ НЕЙТРОНОВСО СЛОИСТОЙ СТРУКТУРОЙ,Исследование или анализ материалов путем определения их химических или физических свойств,2669543(RU),05.06.2017,11.10.2018 БИПМ №29,http://www1.fips.ru/ofpstorage/Doc/IZPM/RUNWC1/000/000/002/669/543/%D0%98%D0%97-02669543-00001/document.pdf,https://www.fips.ru/registers-doc-view/fips_servlet?DB=RUPAT&DocNumber=2669543&TypeFile=html,58.
2,"Шабалин Е.П., Комышев Г.Г",G21C,СПОСОБ ИЗМЕНЕНИЯ РЕАКТИВНОСТИ В ИМПУЛЬСНЫХ ЯДЕРНЫХ УСТАНОВКАХ ПЕРИОДИЧЕСКОГО ДЕЙСТВИЯ НА БЫСТРЫХ НЕЙТРОНАХ С ПОРОГОВО-ДЕЛЯЩИМИСЯ ИЗОТОПАМИ,Ядерные реакторы,2668546(RU),15.11.2016,02.10.2018 БИПМ №28,http://www1.fips.ru/ofpstorage/Doc/IZPM/RUNWC1/000/000/002/668/546/%D0%98%D0%97-02668546-00001/document.pdf,https://www.fips.ru/registers-doc-view/fips_servlet?DB=RUPAT&DocNumber=2668546&TypeFile=html,59.
5,"Глонти Л., Кекелидзе В.Д., Потребеников Ю.К., Самсонов В.А., Чепурнов В.Ф.",F16K,"ЭНЕРГОНЕЗАВИСИМЫЙ ЗАЩИТНЫЙ КЛАПАН ДЛЯ ДРЕЙФОВОЙ КАМЕРЫ, РАБОТАЮЩЕЙ В ВАКУУМЕ",Клапаны; краны; задвижки; поплавки для приведения их в действие; вентиляционные устройства или устройства для аэрации,2667595(RU),03.07.2017,21.09.2018 БИПМ №27,http://www1.fips.ru/ofpstorage/Doc/IZPM/RUNWC1/000/000/002/667/595/%D0%98%D0%97-02667595-00001/document.pdf,https://www.fips.ru/registers-doc-view/fips_servlet?DB=RUPAT&DocNumber=2667595&TypeFile=html,60.
5,"Иванов А.А., Красавин Е.А., Ляхова К.Н., Северюхин Ю.С., Молоканов А.Г.",G09B,СПОСОБ ПРОФИЛАКТИКИ СНИЖЕНИЯ МЫШЕЧНОЙ СИЛЫ ПРИ ОСТРОЙ ЛУЧЕВОЙ БОЛЕЗНИ В ЭКСПЕРИМЕНТЕ,"Учебные и наглядные пособия для обучения или общения со слепыми, глухими или немыми; макеты; планетарии; глобусы; карты; диаграммы",2666937(RU),27.09.2017,13.09.2018 БИПМ №26,http://www1.fips.ru/ofpstorage/Doc/IZPM/RUNWC1/000/000/002/666/937/%D0%98%D0%97-02666937-00001/document.pdf,https://www.fips.ru/registers-doc-view/fips_servlet?DB=RUPAT&DocNumber=2666937&TypeFile=html,61.
1,Долбилов Г.В.,H05H,СПОСОБ МЕДЛЕННОГО ВЫВОДА ПУЧКА ЗАРЯЖЕННЫХ ЧАСТИЦ ИЗ ЦИКЛИЧЕСКОГО УСКОРИТЕЛЯ,Плазменная техника,2659572(RU),18.07.2017,03.07.2018 БИПМ №19,http://www1.fips.ru/ofpstorage/Doc/IZPM/RUNWC1/000/000/002/659/572/%D0%98%D0%97-02659572-00001/document.pdf,https://www.fips.ru/registers-doc-view/fips_servlet?DB=RUPAT&DocNumber=2659572&TypeFile=html,62.
8,"Шелков Г.А., Кожевников Д.А., Смолянский П.И., Демичев М.А., Котов С.А., Кручонок В.Г., Жемчугов А.С., Абдельшакур Эль Саид Мохаммед Абу Эльазм",G01T,ПОЛУПРОВОДНИКОВЫЙ ПИКСЕЛЬНЫЙ ДЕТЕКТОР ЗАРЯЖЕННЫХ СИЛЬНО ИОНИЗИРУЮЩИХ ЧАСТИЦ (МНОГОЗАРЯДНЫХ ИОНОВ),Измерение ядерных излучений и рентгеновских лучей,2659717(RU),22.12.2016,22.06.2018 БИПМ №18,http://www1.fips.ru/ofpstorage/Doc/IZPM/RUNWC1/000/000/002/659/717/%D0%98%D0%97-02659717-00001/document.pdf,https://www.fips.ru/registers-doc-view/fips_servlet?DB=RUPAT&DocNumber=2659717&TypeFile=html,63.
2,"Волков А.Д., Цамалаидзе З.",G01N,СПОСОБ ОПРЕДЕЛЕНИЯ КОЭФФИЦИЕНТА ПУАССОНА МАТЕРИАЛА ГЕРМЕТИЧНОЙ ТОНКОСТЕННОЙ ПОЛИМЕРНОЙ ТРУБКИ,Исследование или анализ материалов путем определения их химических или физических свойств,2653186(RU),03.04.2017,07.05.2018 БИПМ №13,http://www1.fips.ru/ofpstorage/Doc/IZPM/RUNWC1/000/000/002/653/186/%D0%98%D0%97-02653186-00001/document.pdf,https://www.fips.ru/registers-doc-view/fips_servlet?DB=RUPAT&DocNumber=2653186&TypeFile=html,64.
2,"Мухин К.А., Кустов А.А.",G21K,КРИОГЕННОЕ ФЛАНЦЕВОЕ РАЗЪЁМНОЕ СОЕДИНЕНИЕ ДЛЯ ШАРИКОВОГО ХОЛОДНОГО ЗАМЕДЛИТЕЛЯ НЕЙТРОНОВ,"Способы и устройства для управления потоками частиц или электромагнитным излучением, не вошедшие в другие подклассы; рентгеновские и гамма-микроскопы",2650509(RU),21.12.2016,16.04.2018 БИПМ №11,http://www1.fips.ru/ofpstorage/Doc/IZPM/RUNWC1/000/000/002/650/509/%D0%98%D0%97-02650509-00001/document.pdf,https://www.fips.ru/registers-doc-view/fips_servlet?DB=RUPAT&DocNumber=2650509&TypeFile=html,65.
1,Долбилов Г.В.,H05H,СПОСОБ МНОГООБОРОТНОЙ ИНЖЕКЦИИ ЗАРЯЖЕННЫХ ЧАСТИЦ В ЦИКЛИЧЕСКИЙ УСКОРИТЕЛЬ,Плазменная техника,2647497(RU),15.06.2016,16.03.2018 БИПМ №8,http://www1.fips.ru/ofpstorage/Doc/IZPM/RUNWC1/000/000/002/647/497/%D0%98%D0%97-02647497-00001/document.pdf,https://www.fips.ru/registers-doc-view/fips_servlet?DB=RUPAT&DocNumber=2647497&TypeFile=html,66.
1,Долбилов Г.В.,H05H,СПОСОБ МЕДЛЕННОГО ВЫВОДА ПУЧКА ЗАРЯЖЕННЫХ ЧАСТИЦ,Плазменная техника,2641658(RU),15.06.2016,19.01.2018 БИПМ №2,http://www1.fips.ru/ofpstorage/Doc/IZPM/RUNWC1/000/000/002/641/658/%D0%98%D0%97-02641658-00001/document.pdf,https://www.fips.ru/registers-doc-view/fips_servlet?DB=RUPAT&DocNumber=2641658&TypeFile=html,67.
5,"Иванов А.А., Красавин Е.А., Ляхова К.Н., Северюхин Ю.С., Молоканов А.Г.",G09B,СПОСОБ ПРОФИЛАКТИКИ НАРУШЕНИЙ ПСИХОНЕВРОЛОГИЧЕСКОГО СТАТУСА ПРИ ОСТРОЙ ЛУЧЕВОЙ БОЛЕЗНИ В ЭКСПЕРИМЕНТЕ,"Учебные и наглядные пособия для обучения или общения со слепыми, глухими или немыми; макеты; планетарии; глобусы; карты; диаграммы",2638270(RU),19.05.2016,12.12.2017 БИПМ №35,http://www1.fips.ru/ofpstorage/Doc/IZPM/RUNWC1/000/000/002/638/270/%D0%98%D0%97-02638270-00001/document.pdf,https://www.fips.ru/registers-doc-view/fips_servlet?DB=RUPAT&DocNumber=2638270&TypeFile=html,68.
1,Долбилов Г.В.,H05H,СПОСОБ ФОКУСИРОВКИ ПУЧКОВ ЗАРЯЖЕННЫХ ЧАСТИЦ,Плазменная техника,2633770(RU),15.06.2016,18.10.2017 БИПМ №29,http://www1.fips.ru/ofpstorage/Doc/IZPM/RUNWC1/000/000/002/633/770/%D0%98%D0%97-02633770-00001/document.pdf,https://www.fips.ru/registers-doc-view/fips_servlet?DB=RUPAT&DocNumber=2633770&TypeFile=html,69
2,"Шаляпин В.Н., Тютюнников С.И.",G01N,УСТРОЙСТВО ДЛЯ ЭМИССИОННОГО И МАССОВОГО СПЕКТРАЛЬНОГО АНАЛИЗА ОРГАНИЧЕСКИХ ВЕЩЕСТВ,Исследование или анализ материалов путем определения их химических или физических свойств,2633657(RU),24.02.2016,16.10.2017 БИПМ №29,http://www1.fips.ru/ofpstorage/Doc/IZPM/RUNWC1/000/000/002/633/657/%D0%98%D0%97-02633657-00001/document.pdf,https://www.fips.ru/registers-doc-view/fips_servlet?DB=RUPAT&DocNumber=2633657&TypeFile=html,70.
1,Долбилов Г.В.,H05H,СПОСОБ СИНХРОННОГО УСКОРЕНИЯ ЗАРЯЖЕННЫХ ЧАСТИЦ В ПОСТОЯННОМ МАГНИТНОМ ПОЛЕ,Плазменная техника,2618626(RU),24.07.2015,05.05.2017 БИПМ №13,http://www1.fips.ru/ofpstorage/Doc/IZPM/RUNWC1/000/000/002/618/626/%D0%98%D0%97-02618626-00001/document.pdf,https://www.fips.ru/registers-doc-view/fips_servlet?DB=RUPAT&DocNumber=2618626&TypeFile=html,71.
2,"Доманов В.П., Чинь Тхи Тху Ми",G21G,СПОСОБ ПОЛУЧЕНИЯ РАДИОИЗОТОПОВ СЕРЕБРА БЕЗ НОСИТЕЛЯ,Преобразование химических элементов; источники радиоактивности,2617715(RU),24.07.2015,26.04.2017 БИПМ №12,http://www1.fips.ru/ofpstorage/Doc/IZPM/RUNWC1/000/000/002/617/715/%D0%98%D0%97-02617715-00001/document.pdf,https://www.fips.ru/registers-doc-view/fips_servlet?DB=RUPAT&DocNumber=2617715&TypeFile=html,72.
1,Долбилов Г.В.,H05H,ИНДУКЦИОННЫЙ СИНХРОТРОН С ПОСТОЯННЫМ МАГНИТНЫМ ПОЛЕМ,Плазменная техника,2608365(RU),11.08.2015,18.01.2017 БИПМ №2,http://www1.fips.ru/ofpstorage/Doc/IZPM/RUNWC1/000/000/002/608/365/%D0%98%D0%97-02608365-00001/document.pdf,https://www.fips.ru/registers-doc-view/fips_servlet?DB=RUPAT&DocNumber=2608365&TypeFile=html,73.
8,"Глонти Л.Н., Кекелидзе В.Д., Потребеников Ю.К., Самсонов В.А., Еник Т.Л., Колесников А.О., Мовчан С.А., Сотников А.Н.",G01B,УСТРОЙСТВО ДЛЯ ИЗМЕРЕНИЯ МЕСТОПОЛОЖЕНИЯ ПРОВОЛОК В ГАЗОВЫХ ПРОВОЛОЧНЫХ КАМЕРАХ,"Измерение длины, толщины или подобных линейных размеров; измерение углов; измерение площадей; измерение неровностей поверхностей или контуров",2602492(RU),20.08.2014,20.11.2016 БИПМ №32,http://www1.fips.ru/fips_servl/fips_servlet?DB=RUPAT&rn=2331&DocNumber=2602492TypeFile=html,https://www.fips.ru/registers-doc-view/fips_servlet?DB=RUPAT&DocNumber=2602492&TypeFile=html,74
1,Прохоров С.В.,H01P,СПОСОБ НАСТРОЙКИ ВЫСОКОЧАСТОТНОГО РЕЗОНАТОРА НА РЕЗОНАНСНЫЕ ЧАСТОТЫ С ЗАДАННОЙ КРАТНОСТЬЮ,"Волноводы; резонаторы, линии или другие устройства типа волноводов",2601539(RU),10.08.2015,10.11.2016 БИПМ №31,http://new.fips.ru/Archive4/PAT/2016FULL/2016.11.10/DOC/RUNWC1/000/000/002/601/539/DOCUMENT.PDF,https://www.fips.ru/registers-doc-view/fips_servlet?DB=RUPAT&DocNumber=2601539&TypeFile=html,75.
3,"Быстрицкий В.М., Слепнёв В.М., Замятин Н.И.",G01T,СПОСОБ И УСТРОЙСТВО ДЛЯ ИЗМЕРЕНИЯ ПРОФИЛЯ НЕЙТРОННОГО ПУЧКА (ПУЧКОВ),Измерение ядерных излучений и рентгеновских лучей,2593433(RU),25.05.2015,10.08.2016 БИПМ №22,http://new.fips.ru/Archive4/PAT/2016FULL/2016.08.10/DOC/RUNWC1/000/000/002/593/433/DOCUMENT.PDF,https://www.fips.ru/registers-doc-view/fips_servlet?DB=RUPAT&DocNumber=2593433&TypeFile=html,76.
1,Никитенко Ю.В.,G01N,СПОСОБ ИЗМЕРЕНИЯ СПЕКТРА ПЕРЕДАННОГО ИМПУЛЬСА НЕЙТРОНОВ,Исследование или анализ материалов путем определения их химических или физических свойств,2593431(RU),05.05.2015,10.08.2016 БИПМ №22,http://new.fips.ru/Archive4/PAT/2016FULL/2016.08.10/DOC/RUNWC1/000/000/002/593/431/DOCUMENT.PDF,https://www.fips.ru/registers-doc-view/fips_servlet?DB=RUPAT&DocNumber=2593431&TypeFile=html,77.
1,Волков А.Д.,G01C,УСТРОЙСТВО ДЛЯ ИЗМЕРЕНИЯ УГЛА НАКЛОНА ПЛОСКОСТИ,"Измерение расстояний, уровней и азимутов для целей топографии или навигации; гироскопические приборы; фотограмметрия",2577804(RU),04.12.2014,20.03.2016 БИПМ № 8,http://new.fips.ru/Archive4/PAT/2016FULL/2016.03.20/DOC/RUNWC1/000/000/002/577/804/DOCUMENT.PDF,https://www.fips.ru/registers-doc-view/fips_servlet?DB=RUPAT&DocNumber=2577804&TypeFile=html,78.
2,"Шаляпин В.Н., Тютюнников С.И.",G01N,АНАЛИЗАТОР СОСТАВА ВЕЩЕСТВА,Исследование или анализ материалов путем определения их химических или физических свойств,2571619(RU),29.04.2014,20.12.2015 БИПМ №35,http://new.fips.ru/Archive/PAT/2015FULL/2015.12.20/DOC/RUNWC2/000/000/002/571/619/DOCUMENT.PDF,https://www.fips.ru/registers-doc-view/fips_servlet?DB=RUPAT&DocNumber=2571619&TypeFile=html,79.
4,"Апель П.Ю., Дмитриев С.Н., Иванов О.М., Нечаев А.Н.",B01D,СПОСОБ ИЗГОТОВЛЕНИЯ МОНО- И ОЛИГОПОРОВЫХ МЕМБРАН,Разделение,2542300(RU),24.09.2013,20.02.2015 БИПМ №5,http://new.fips.ru/Archive/PAT/2015FULL/2015.02.20/DOC/RUNWC1/000/000/002/542/300/DOCUMENT.PDF,https://www.fips.ru/registers-doc-view/fips_servlet?DB=RUPAT&DocNumber=2542300&TypeFile=html,80.
8,"Сабиров Б.М., Ширков Г.Д., Будагов Ю.А., Трубников Г.В.,Пекарь Е.Д., Добрушин Л.Д., Илларионов С.Ю., Брызгалин А.Г.",H05H,СПОСОБ ИЗГОТОВЛЕНИЯ ПЕРЕХОДНИКА ДЛЯ СОЕДИНЕНИЯ РЕЗОНАТОРА С КОЖУХОМ   КРИОМОДУЛЯ КОЛЛАЙДЕРА,Плазменная техника,2540978(RU),12.07.2013,10.02.2015 БИПМ №4,http://new.fips.ru/Archive/PAT/2015FULL/2015.02.10/DOC/RUNWC1/000/000/002/540/978/DOCUMENT.PDF,https://www.fips.ru/registers-doc-view/fips_servlet?DB=RUPAT&DocNumber=2540978&TypeFile=html,81.
1,Волков А.Д.,G01L,УСТРОЙСТВО ДЛЯ ИЗМЕРЕНИЯ ВЕЛИЧИНЫ НАТЯЖЕНИЯ ТРУБКИ В STRАW-ДЕТЕКТОРАХ,"Измерение сил, механического напряжения, крутящего момента, работы, механической энергии, механического коэффициента полезного действия",2539107(RU),09.07.2013,10.01.2015 БИПМ № 1,http://new.fips.ru/Archive/PAT/2015FULL/2015.01.10/DOC/RUNWC1/000/000/002/539/107/DOCUMENT.PDF,https://www.fips.ru/registers-doc-view/fips_servlet?DB=RUPAT&DocNumber=2539107&TypeFile=html,82
2,"Будагов Ю.А., Ляблин М.В.",G01C,УСТРОЙСТВО ДЛЯ ИЗМЕРЕНИЯ УГЛА НАКЛОНА,"Измерение расстояний, уровней и азимутов для целей топографии или навигации; гироскопические приборы; фотограмметрия",2510488(RU),30.05.2012,27.03.2014 БИПМ №9,http://new.fips.ru/Archive/PAT/2014FULL/2014.03.27/DOC/RUNWC2/000/000/002/510/488/DOCUMENT.PDF,https://www.fips.ru/registers-doc-view/fips_servlet?DB=RUPAT&DocNumber=2510488&TypeFile=html,83.
3,"Куликов С.А., Федоров А.Н., Шабалин Е.П.",G21K,КРИОГЕННЫЙ ДОЗАТОР ШАРИКОВ ДЛЯ ХОЛОДНОГО ЗАМЕДЛИТЕЛЯ НЕЙТРОНОВ,"Способы и устройства для управления потоками частиц или электромагнитным излучением, не вошедшие в другие подклассы; рентгеновские и гамма-микроскопы",2496165(RU),21.02.2012,20.10.2013 БИПМ №29,http://new.fips.ru/Archive/PAT/2013FULL/2013.10.20/DOC/RUNWC1/000/000/002/496/165/DOCUMENT.PDF,https://www.fips.ru/registers-doc-view/fips_servlet?DB=RUPAT&DocNumber=2496165&TypeFile=html,84.
9,"Ананьев В.Д., Беляков А.А., Булавин М.В., Верхоглядов А.Е., Куликов С.А., Кустов А.А., Мухин К.А., Шабалин Е.П., Шабалин Д.Е. ;",G21K,ШАРИКОВЫЙ ХОЛОДНЫЙ ЗАМЕДЛИТЕЛЬ НЕЙТРОНОВ,Способы и устройства для управления потоками частиц или электромагнитным излучением не вошедшие в другие подклассы; рентгеновские и гамма-микроскопы,2492538(RU),29.02.2012,10.09.2013 БИПМ №25,http://new.fips.ru/Archive/PAT/2013FULL/2013.09.10/DOC/RUNWC1/000/000/002/492/538/DOCUMENT.PDF,https://www.fips.ru/registers-doc-view/fips_servlet?DB=RUPAT&DocNumber=2492538&TypeFile=html,85.